	ID	Text	verfied	retweet_count	followers_count	url_count	photo_count	video_count	Label
0	1241490299215634434	Official death toll from #covid19 in the United Kingdom is now GREATER than: Germany + Poland + Switzerland + Austria + Portugal + Greece + Sweden + Finland + Norway + Ireland... COMBINED. UK: 67.5 Million (233 dead) Above group: 185 Million (230 dead) HTTPURL	False	8	796	1	0	0	INFORMATIVE
1	1245916400981381130	Dearest Mr. President @USER 1,169 coronavirus deaths in the US in 24 hours (?) Covid19 pandemic is an international crime from China - not a nature disasster! Please use your authorities to protect your people and world against China! #ChinaHasToCompensateAll	False	1	18560	0	0	0	INFORMATIVE
2	1241132432402849793	"Latest Updates March 20 ‚ö†Ô∏è5274 new cases and 38 new deaths in the United States Illinois: Governo Pritzker issues ""stay at home"" order for all residents New York: Governor Cuomo orders 100% of all non-essential workers to stay home Penns...Source ( /coronavirus/country/us/ )"	False	1	10122	0	0	0	INFORMATIVE
3	1241490299215634434	Official death toll from #covid19 in the United Kingdom is now GREATER than: Germany + Poland + Switzerland + Austria + Portugal + Greece + Sweden + Finland + Norway + Ireland... COMBINED. UK: 67.5 Million (233 dead) Above group: 185 Million (230 dead) HTTPURL	False	2	6723	2	1	0	INFORMATIVE
4	1239673817552879619	OKLAHOMA CITY ‚Äî The State Department of Education announced Monday the closure of all K-12 public schools statewide until at least April 6 as the number of COVID-19 cases climb and the risk of community spread grows. HTTPURL	False	1	1259	1	0	0	UNINFORMATIVE
5	1240790181860409344	"Democrats somehow managed to fight ebola without calling it ""the African virus."" A cluster of COVID-19 cases has emerged in New York CIty's Hassidic neighborhood, so it's only a matter of time before the local Trump Klux Klan starts talking about ""the Jew virus."""	False	7	16240	0	0	0	UNINFORMATIVE
6	1249147011003187200	as number of #COVID19 deaths surpassed 100,000 worldwide, NY surpassed Italy on number of recorded deaths üî•üò∑üá∫üá∏ New York state has more coronavirus cases than any country worldwide HTTPURL	False	0	5965	1	0	0	INFORMATIVE
7	1241533144802758656	@USER @USER 1 week ago today (March 14), there were only 115 cases of CoVid in FL. Today, last count was at 763... that is a 563% increase in 1 week due to your ‚Äúslave to Trump‚Äù incompetence. Imagine next Saturday if there is another 563% increase-we will be at 9300+. Resign	False	0	3955	0	0	0	INFORMATIVE
8	1236363091002011649	"‚ÄúCoronavirus impact: Close Taj Mahal till March end, Agra Mayor urges‚Äù ‚Äúpeople scared of foreigners and looked at them with suspicion, situation could turn nasty and tarnish India's image internationally,"" he said. Not possible to tarnish India further. HTTPURL"	False	17	25856	1	0	0	UNINFORMATIVE
9	1241490299215634434	Official death toll from #covid19 in the United Kingdom is now GREATER than: Germany + Poland + Switzerland + Austria + Portugal + Greece + Sweden + Finland + Norway + Ireland... COMBINED. UK: 67.5 Million (233 dead) Above group: 185 Million (230 dead) HTTPURL	False	0	616	0	1	0	INFORMATIVE
10	1241490299215634434	Official death toll from #covid19 in the United Kingdom is now GREATER than: Germany + Poland + Switzerland + Austria + Portugal + Greece + Sweden + Finland + Norway + Ireland... COMBINED. UK: 67.5 Million (233 dead) Above group: 185 Million (230 dead) HTTPURL	True	33	251465	0	1	0	INFORMATIVE
11	1241490299215634434	Official death toll from #covid19 in the United Kingdom is now GREATER than: Germany + Poland + Switzerland + Austria + Portugal + Greece + Sweden + Finland + Norway + Ireland... COMBINED. UK: 67.5 Million (233 dead) Above group: 185 Million (230 dead) HTTPURL	False	2	1812	0	1	0	INFORMATIVE
12	1241490299215634434	Official death toll from #covid19 in the United Kingdom is now GREATER than: Germany + Poland + Switzerland + Austria + Portugal + Greece + Sweden + Finland + Norway + Ireland... COMBINED. UK: 67.5 Million (233 dead) Above group: 185 Million (230 dead) HTTPURL	False	0	6122	2	1	0	INFORMATIVE
13	1241449715654410240	‚ÄúAccording to their report if you come in contact with someone who tests positive for COVID-19 you have a 1‚Äì5% chance of catching it as well.‚Äù Who‚Äôs report? The World Health Organization. This is a long read but very worth while HTTPURL	False	1	1259	1	0	0	UNINFORMATIVE
14	1241490299215634434	Official death toll from #covid19 in the United Kingdom is now GREATER than: Germany + Poland + Switzerland + Austria + Portugal + Greece + Sweden + Finland + Norway + Ireland... COMBINED. UK: 67.5 Million (233 dead) Above group: 185 Million (230 dead) HTTPURL	False	0	2089	1	1	0	INFORMATIVE
15	1245311331579899906	A @USER professor has died after contracting #coronavirus A book of condolence will be available online soon for Professor Peter Sinclair from the Department of Economics. HTTPURL	False	1	9460	1	0	0	INFORMATIVE
16	1241490299215634434	Official death toll from #covid19 in the United Kingdom is now GREATER than: Germany + Poland + Switzerland + Austria + Portugal + Greece + Sweden + Finland + Norway + Ireland... COMBINED. UK: 67.5 Million (233 dead) Above group: 185 Million (230 dead) HTTPURL	False	0	5854	0	1	0	INFORMATIVE
17	1248321628808728576	ÿ•ŸêŸÜŸéŸëÿß ŸÑŸêŸÑŸëŸáŸê ŸàŸéÿ•ŸêŸÜŸéŸëŸÄÿß ÿ•ŸêŸÑŸéŸäŸíŸáŸê ÿ±Ÿéÿßÿ¨ŸêÿπŸèŸàŸÜŸé Sad to hear about passing away of Syed Mehdi Shah Brother in law of CM Sindh @USER He was tested positive with #Covid_19 May Allah rest his soul in peace.	False	13	2009	0	0	0	INFORMATIVE
18	1236128165745094663	@USER Carma &amp; her family in San Jose, CA, are possibly infected with #coronavirus since 6 Feb in Seattle. Way way more than 1,000 cases in Seattle now... HTTPURL	False	1	2882	2	0	0	INFORMATIVE
19	1244684987351404551	I think the President Cyril Ramaphosa should address us every day, Monday - Friday at 18:30 throughout this ordeal ü§∑‚Äç‚ôÇÔ∏è #Covid_19 #CoronavirusInSA #LockdownSA	False	0	4371	0	0	0	UNINFORMATIVE
20	1241490299215634434	Official death toll from #covid19 in the United Kingdom is now GREATER than: Germany + Poland + Switzerland + Austria + Portugal + Greece + Sweden + Finland + Norway + Ireland... COMBINED. UK: 67.5 Million (233 dead) Above group: 185 Million (230 dead) HTTPURL	False	1	1949	0	1	0	INFORMATIVE
21	1241183452243693568	@USER We don‚Äôt want to argue. We want you racists in the @USER to freaking STOP CALLING IT THE ‚ÄúCHINESE VIRUS.‚Äù That is disgusting. It is stirring up bigotry and hatred. We are not arguing. And people are DYING. You are HATEFUL #racist scum. STFU. #COVID2019 #CoronaCrisis	False	0	3743	0	0	0	UNINFORMATIVE
22	1244676665990696961	E don happen!!! Casala don burst!!! Governor of Oyo State, Seyi Makinde, has tested positive to the deadly coronavirus, few days after holding a political rally in the state. #Coronavirustruth	False	0	3789	0	0	0	INFORMATIVE
23	1241490299215634434	Official death toll from #covid19 in the United Kingdom is now GREATER than: Germany + Poland + Switzerland + Austria + Portugal + Greece + Sweden + Finland + Norway + Ireland... COMBINED. UK: 67.5 Million (233 dead) Above group: 185 Million (230 dead) HTTPURL	True	5	1568	0	1	0	INFORMATIVE
24	1244181629784002561	Trump was Wrong! He bed his election on shutting down Virus!CDC issues domestic travel advisory as coronavirus deaths double to over 2,000 within two days HTTPURL	False	1	57634	1	0	0	INFORMATIVE
25	1246972644416786440	Most #workplaces to close for one month from Apr 7 to curb spread of #COVID-19‚Äù &amp; all the #Singapore Morning #news you need to know on one page for April 6, 2020 via @USER #SARSCovs #coronaVirus #Covip19 #Independentjournalism in #Cambodia HTTPURL	False	0	3035	1	0	0	UNINFORMATIVE
26	1241782755412914177	Kentucky Republican Rand Paul is the first US Senator to tested positive for COVID-19. House members Diaz-Balart (R-FL) and McAdams (D-UT) tested positive for coronavirus earlier this month.	True	1	16732	1	0	0	INFORMATIVE
27	1245114106497163270	"Writing in FP, @USER &amp; @USER have penned their case against lifting Iran sanx over the #COVID pandemic. Mark and Rich are two of the smartest &amp; most influential advocates of the ""max pressure"" policy, and well worth reading. A few thoughts: HTTPURL"	True	25	39604	1	0	0	UNINFORMATIVE
28	1236091525102268419	I have a place in Philly and most of my family live in the general area. I‚Äôm traveling, a friend sent me this: ‚ÄúOne floor of Doylestown Hospital is quarantined, Central Bucks school district shut down. Coronavirus has arrived WTH.‚Äù	False	0	2581	0	0	0	UNINFORMATIVE
29	1236148083504775168	On Friday, AIPAC announced that two attendees had tested positive for COVID-19 coronavirus. Mike Pence and Mitch McConnell were both in attendance. Others are being self quarantined but not attendees from the US. Why? HTTPURL	False	1	21117	1	0	0	INFORMATIVE
30	1235899315207450625	As #coronavirus spreads, Democratic Republic of Congo discharges last #Ebola patient HTTPURL via @USER	False	0	827	1	0	0	UNINFORMATIVE
31	1241490299215634434	Official death toll from #covid19 in the United Kingdom is now GREATER than: Germany + Poland + Switzerland + Austria + Portugal + Greece + Sweden + Finland + Norway + Ireland... COMBINED. UK: 67.5 Million (233 dead) Above group: 185 Million (230 dead) HTTPURL	False	2	972	0	1	0	INFORMATIVE
32	1241490299215634434	Official death toll from #covid19 in the United Kingdom is now GREATER than: Germany + Poland + Switzerland + Austria + Portugal + Greece + Sweden + Finland + Norway + Ireland... COMBINED. UK: 67.5 Million (233 dead) Above group: 185 Million (230 dead) HTTPURL	True	39	1052481	0	1	0	INFORMATIVE
33	1241490299215634434	Official death toll from #covid19 in the United Kingdom is now GREATER than: Germany + Poland + Switzerland + Austria + Portugal + Greece + Sweden + Finland + Norway + Ireland... COMBINED. UK: 67.5 Million (233 dead) Above group: 185 Million (230 dead) HTTPURL	False	0	1442	1	1	0	INFORMATIVE
34	1245863053662367747	The LSS CHOICES crisis hotline is available to help anyone experiencing #domesticviolence in Franklin County. Call 614-224-4663 24/7 Love shouldn't hurt. #lssnetworkofhope Experts fear domestic violence cases could rise during coronavirus outbreak HTTPURL	False	3	1246	1	0	0	UNINFORMATIVE
35	1238874923965136896	#SurgeonGeneral just said 98% to 99% will recover. #CoronaVirusUpdates #coronavirus HTTPURL If 99% will recover why is the world economy shutting down? Why did the media lie that this virus has a 3.5% mortality rate? It's a #NWO control plan.	False	0	2622	1	0	0	UNINFORMATIVE
36	1241490299215634434	Official death toll from #covid19 in the United Kingdom is now GREATER than: Germany + Poland + Switzerland + Austria + Portugal + Greece + Sweden + Finland + Norway + Ireland... COMBINED. UK: 67.5 Million (233 dead) Above group: 185 Million (230 dead) HTTPURL	False	0	1332	1	1	0	INFORMATIVE
37	1242812989130055680	"@USER issues ""Stay at Home"" order issued for VT! HTTPURL Effective 5:00pm today until April 15th. Please read the order for businesses that are deemed ""essential"". #vermontstrong #covid19 #thankyourgrocers #thankyournurses #thankyourdoctors #STAYHOME"	False	0	951	1	0	0	UNINFORMATIVE
38	1244578159976054785	3. St. Xavier‚Äôs School, Shivajinagar 4. St. Lourdes School, Cubbonpet 5. St. Lourdes School, Halasuru (Ulsoor) Please share #COVID2019	False	1	3023	0	0	0	UNINFORMATIVE
39	1236152372088442880	UsaT: AIPAC says 2 pple at DC conf. attended by Pence &amp; others, tested positive for coronavirus The American Israel Public Affairs Committee told conf. attendees, some of whom include lawmakers, that at least 2 conf-goers have tested positive for covid-19 HTTPURL	False	4	5470	1	0	0	INFORMATIVE
40	1245730086457876487	MOTORHOMES / RV'S FOR OVERWORKED HEALTHCARE WORKERS? A thought occurred to me in reading about how #healthcare workers are a) so overworked and tired after their shifts, and b) so anxious over bringing #covid19 back to their families, c) in some cases s‚Ä¶HTTPURL	False	0	611	1	0	0	UNINFORMATIVE
41	1236128441956630534	#Australia Melbourne GP clinic closed after doctor tests positive for #coronavirus after seeing 70 patients this month - ABC News HTTPURL via @USER	False	3	20379	1	0	0	INFORMATIVE
42	1245717847415930880	üö®Senator Loeffler and her husband ‚Äúsold shares in retail stores such as Lululemon and T.J. Maxx and invested in a company that makes COVID-19 protective garments.‚Äù In case governors were still wondering why price gouging on PPE products hasn‚Äôt halted.ü§® HTTPURL	False	0	2141	1	0	0	UNINFORMATIVE
43	1241410720555765762	Georgia in the coronavirus age: Chaos, bad news, mounting deaths More than 300 patients from Cruise Ship with + covid land in Atlanta. During flight, 3 found to test positive, 1 sick. CDC screened remaining patients &amp; released them to fly home. Crazy HTTPURL	False	1	4129	1	0	0	INFORMATIVE
44	1245640235871956993	According to CMO Lucknow Dr Narendra Agarwal: Samples were taken of 25 people who had attended the Tabglighi Jamaat event. All 25 people have been tested negative for COVID19. @USER @USER	True	5	4918	0	0	0	INFORMATIVE
45	1241490299215634434	Official death toll from #covid19 in the United Kingdom is now GREATER than: Germany + Poland + Switzerland + Austria + Portugal + Greece + Sweden + Finland + Norway + Ireland... COMBINED. UK: 67.5 Million (233 dead) Above group: 185 Million (230 dead) HTTPURL	False	0	818	0	1	0	INFORMATIVE
46	1245863461646561282	#Yemen If Any Covid19 Case Shows Up In Yemen, God Forbid, Then We Hold The SaudiCo Regimes &amp; Their Masters Full Responsibility. Game Over Gestapo, Your Biological Warfare Isn't Going To Break Will Of The People Of Yemen. Cholera &amp; Diptheria are examples HTTPURL	False	1	1924	1	0	0	UNINFORMATIVE
47	1241490299215634434	Official death toll from #covid19 in the United Kingdom is now GREATER than: Germany + Poland + Switzerland + Austria + Portugal + Greece + Sweden + Finland + Norway + Ireland... COMBINED. UK: 67.5 Million (233 dead) Above group: 185 Million (230 dead) HTTPURL	False	2	3075	0	1	0	INFORMATIVE
48	1242841682648936449	A California Highway Patrol officer stationed in Oakland has tested positive for the coronavirus, the latest Bay Area law enforcement officer to be diagnosed with the virus, authorities said. HTTPURL	True	0	100182	1	0	0	INFORMATIVE
49	1243534385598496768	SAD! 2 #coronavirusindia suicides! Man commits suicide over coronavirus suspicion in Dakshina Karnataka. Another middle-aged man from Uppoor village in neighbouring Udupi district ended his life on Wednesday after suspecting that he had the Covid-19 infection -- PTI	False	0	1572	0	0	0	INFORMATIVE
50	1237344256458657792	It will get worse since @USER and the politically correct gang who are pawns of the UN's @USER will promote the spread of the virus through international travel into Canada Ontario confirms three new COVID-19 cases HTTPURL	False	3	52123	1	0	0	INFORMATIVE
51	1241636547365134336	Just read this ‚ÄòIncredibly worrying. COVID-19 cases confirmed in Gaza‚Äô and geno felt bad for Paul he‚Äôs been through so much lol good eyes old man	False	0	1583	0	0	0	INFORMATIVE
52	1236183073273688064	Heard about the news regarding an employee in BGC, specifically NetLima building (where I worked before) who‚Äôs tested positive for #COVID19. To my BGC friends and hangout buddies, my ex-officemates and colleagues who are still working there, you guys take care and be vigilant. üòî	False	0	958	0	0	0	INFORMATIVE
53	1245659811108159495	Come on &amp; HE MUST stop another HATEFUL USELESS EPISODE especially at such a time of disaster with the Corona virus. HE MUST STOP THE HATE &amp; SHAMEFUL &amp; DISGRACEFUL ACTIONS. ADAM SCHIFF MUST FORGET &amp; MUST STOP THE HATING ESPECIALLY AT SUCH A TIME OF DISASTER WITH THE CORONA VIRUS.	False	0	1498	1	0	0	UNINFORMATIVE
54	1241490299215634434	Official death toll from #covid19 in the United Kingdom is now GREATER than: Germany + Poland + Switzerland + Austria + Portugal + Greece + Sweden + Finland + Norway + Ireland... COMBINED. UK: 67.5 Million (233 dead) Above group: 185 Million (230 dead) HTTPURL	False	0	993	0	1	0	INFORMATIVE
55	1241179161588387840	An update on our efforts to secure COVID-19 test kits for the City of Mobile: HTTPURL	False	9	11498	1	0	0	UNINFORMATIVE
56	1251869634279718915	@USER Mr President ask Evers in Wisconsin to open our economy. He has us on lockdown until May 26. We have 170 deaths attributed to COVID-19. I think 170 is an inflated number. Last year our entire deaths were 140. We are not a hotbed. We need to open	False	0	679	0	0	0	INFORMATIVE
57	1245672947873918976	Health-care workers make up 9.6% of confirmed COVID-19 cases in Ontario, @USER has learned from government data. That includes doctors, nurses, paramedics, personal support workers, long-term care home staff and other health-care professionals: HTTPURL	True	147	1309015	1	0	0	UNINFORMATIVE
58	1241490299215634434	Official death toll from #covid19 in the United Kingdom is now GREATER than: Germany + Poland + Switzerland + Austria + Portugal + Greece + Sweden + Finland + Norway + Ireland... COMBINED. UK: 67.5 Million (233 dead) Above group: 185 Million (230 dead) HTTPURL	False	0	1717	0	1	0	INFORMATIVE
59	1241173784272363525	We're just like everybody else - hunkered down at the moment. @USER talked to local Olympians with concerns about training for #Tokyo2020 amid coronavirus shutdowns. HTTPURL	True	2	81273	1	0	0	UNINFORMATIVE
60	1241490299215634434	Official death toll from #covid19 in the United Kingdom is now GREATER than: Germany + Poland + Switzerland + Austria + Portugal + Greece + Sweden + Finland + Norway + Ireland... COMBINED. UK: 67.5 Million (233 dead) Above group: 185 Million (230 dead) HTTPURL	False	19	3686	0	1	0	INFORMATIVE
61	1241490299215634434	Official death toll from #covid19 in the United Kingdom is now GREATER than: Germany + Poland + Switzerland + Austria + Portugal + Greece + Sweden + Finland + Norway + Ireland... COMBINED. UK: 67.5 Million (233 dead) Above group: 185 Million (230 dead) HTTPURL	False	1	3133	0	1	0	INFORMATIVE
62	1241135058569900036	"‚ÄúThis evening we were notified that a member of the Office of the Vice President tested positive for the Coronavirus,"" Pence's press secretary, Katie Miller, said in a statement."	True	0	1922	0	0	0	INFORMATIVE
63	1241595312730497029	A Governor issuing a presser on #COVID„Éº19 case in Oyo State while #FMoH and @USER are doing the same shows a gap in coordination. The unwarranted gap has left a dent on the # of cases in Nigeria. Cases now 23 in Nigeria and not 22. The Oyo case wasn't counted at 22	False	0	1131	0	0	0	INFORMATIVE
64	1241490299215634434	Official death toll from #covid19 in the United Kingdom is now GREATER than: Germany + Poland + Switzerland + Austria + Portugal + Greece + Sweden + Finland + Norway + Ireland... COMBINED. UK: 67.5 Million (233 dead) Above group: 185 Million (230 dead) HTTPURL	False	3	3511	1	1	0	INFORMATIVE
65	1236104801244438528	"Trump is hoping that warmer weather will kill this ""Superbug"" as was the case with #sars , has anyone noticed that the west coast appears to be the epicentre of #COVID #COVID„Éº19 related deaths? Just asking Mr. Prez.."	False	0	2323	0	0	0	UNINFORMATIVE
66	1245874722988085248	"@USER @USER ""Lead"", Sarah? Sitting on the info for months, lying about it, and then creating the world's biggest clusterfu#k in trying to manage it. Everyone see's, and hears, what Trump* has done. He's a joke! #COVID19 #COVID19Pandemic #TrumpLiesPeopleDie"	False	15	4077	0	0	0	UNINFORMATIVE
67	1241490299215634434	Official death toll from #covid19 in the United Kingdom is now GREATER than: Germany + Poland + Switzerland + Austria + Portugal + Greece + Sweden + Finland + Norway + Ireland... COMBINED. UK: 67.5 Million (233 dead) Above group: 185 Million (230 dead) HTTPURL	False	2	9995	0	1	0	INFORMATIVE
68	1245869543517376512	@USER Hmm.. Now why, oh why would #Biden still be opposed to #MedicareForAll during a #Pandemic that's so far seen 10M+ people lose both their job &amp; #HealthInsurance.. &amp; said he'd even veto it, if it passed through his Congress?ü§î #NoJoe #NoMiddleGround #DNCKillsVoters #COVID19	False	0	2137	0	0	0	UNINFORMATIVE
69	1246422722428583936	WHO reversals during #COVID19 (1) no human-to-human transmission (2) not yet an emergency (PHEIC) (3) no need for travel restrictions (4) no need for universal mask wearing this is what happens when the UN and WHO puts politics infront of human lives	False	212	37712	0	0	0	UNINFORMATIVE
70	1241490299215634434	Official death toll from #covid19 in the United Kingdom is now GREATER than: Germany + Poland + Switzerland + Austria + Portugal + Greece + Sweden + Finland + Norway + Ireland... COMBINED. UK: 67.5 Million (233 dead) Above group: 185 Million (230 dead) HTTPURL	False	0	2431	0	1	0	INFORMATIVE
71	1236484280886403073	HTTPURL Coronavirus: Experiment gone wrong? Two Wuhan lab leaks exposed by Chinese scientists I had my suspicion of the origin of the virus!üòâüëç	False	5	4828	1	0	0	UNINFORMATIVE
72	1241987899840696320	Suspect food retail sales up a lot in Jersey, supermarkets will need more people as the #COVID„Éº19 crisis develops. Some comfort for hospitality &amp; non food retail staff losing jobs, there maybe another one.	False	1	3114	1	0	0	UNINFORMATIVE
73	1241490299215634434	Official death toll from #covid19 in the United Kingdom is now GREATER than: Germany + Poland + Switzerland + Austria + Portugal + Greece + Sweden + Finland + Norway + Ireland... COMBINED. UK: 67.5 Million (233 dead) Above group: 185 Million (230 dead) HTTPURL	False	3	1956	0	1	0	INFORMATIVE
74	1241083119832268801	Montco pa coronavirus update- Encouraging people to take advantage of 90 miles of trails in the county but continue to use social distancing.	True	6	618194	0	0	0	UNINFORMATIVE
75	1243163310356418568	HOMETOWN HEROES! Meet the New Jersey restaurant owner who took out a $50,000 credit line so he could continue to pay employees during the COVID-19 closing! HTTPURL	True	8	147271	1	0	0	UNINFORMATIVE
76	1240801912955392000	CDC says N95 masks can be used for 8 hrs of continuous or intermittent use, should be discarded after interaction w/an infected patient. Many Dr‚Äôs around US said they are being given 1 to use indefinitely, they spray it down w/ Lysol or wipe it off, unsure it will help. #COVID19	False	0	2694	0	0	0	UNINFORMATIVE
77	1242860829969715200	Dr. Morrison. Still 3 positive COVID-19 tests in PEI. Close to 500 tests have been conducted. Waiting on results of 250. #pei	False	0	12337	0	0	0	INFORMATIVE
78	1242791355644030976	Rwanda traced back 3 of their #COVID19 cases from Kenya now Uganda confirms one of their case has links to Kenya... #UkweliUsemwe	False	3	6069	1	0	0	INFORMATIVE
79	1241490299215634434	Official death toll from #covid19 in the United Kingdom is now GREATER than: Germany + Poland + Switzerland + Austria + Portugal + Greece + Sweden + Finland + Norway + Ireland... COMBINED. UK: 67.5 Million (233 dead) Above group: 185 Million (230 dead) HTTPURL	True	11	3282	0	1	0	INFORMATIVE
80	1241677885808795651	And btw, there was a confirm case of COVID19 in aziz bhatti &amp; his son also tested positive. We have so many spain &amp; italy return people swarming the hospitals without masks &amp; coming in OPDs for minor illnesses. This is the state of the affairs here. The end.	False	2	4860	0	0	0	INFORMATIVE
81	1241036936560676867	Capitol Building 202.228.8800 House Office Buildings 202.225.4141 Senate Office Buildings 202.224.3141 Demand that Our Nov2020 Elections &amp; all the Primaries left must be from now on a Mail-In ONLY elecx Process. #COVID19 #BuRisma=.@USER	False	0	3215	0	0	0	UNINFORMATIVE
82	1249502697352581120	The story of Covid-19's effects on Western New York has largely been one of mind-numbing data, provided day after day on a national, state, county and even municipal level. But Sunday's death notices in The Buffalo News told a very different story. HTTPURL	True	0	166288	1	0	0	UNINFORMATIVE
83	1238285142302441472	"It couldn't have happened to a nicer person? Then again, this ""virus"" is a joke. A bad one at that. Hope it's not that one in a million fatal cases. üëáüèºüëáüèºüëáüèº Canadian PM Justin Trudeau's wife, Sophie, tests positive for coronavirus, officials say HTTPURL"	False	114	24757	1	0	0	INFORMATIVE
84	1241490299215634434	Official death toll from #covid19 in the United Kingdom is now GREATER than: Germany + Poland + Switzerland + Austria + Portugal + Greece + Sweden + Finland + Norway + Ireland... COMBINED. UK: 67.5 Million (233 dead) Above group: 185 Million (230 dead) HTTPURL	False	0	2080	0	1	0	INFORMATIVE
85	1245893820534923265	Indonesia frees 18,000 inmates, as it records highest #coronavirus death toll in Asia behind China HTTPURL	False	0	2297	1	0	0	UNINFORMATIVE
86	1241123604097454080	BREAKING: There are 77 new cases of #COVID19 in BC, bringing the provincial total to 348. There are no new deaths. Dr. Bonnie Henry says there are front-line workers who are getting infected. Has nice words to say about those working around the clock to help others. @USER	True	31	3876	0	0	0	INFORMATIVE
87	1241682205048541185	Five things to help stop the spread of coronavirus 1. Wash your handsFlexed biceps 2. Cough/sneeze into your elbow 3. Don't touch your face Straight ruler 4. Stay more than 3ft (1m) away from others House with garden 5. Stay home if you feel sick #CoronaFreePakistan	False	0	9391	0	0	0	UNINFORMATIVE
88	1244605203434950656	The Monday Moment: Three Scoops, Three Sides of The Story HTTPURL Thanks to the @USER @USER + @USER as well as @USER and @USER for the journos + inspiration in Casano's case. --- #CoCo @USER #Covid_19	False	0	1791	1	0	0	UNINFORMATIVE
89	1241041852515614721	The second case of COVID-19 IN #pei was travelling on Air Canada flight 756 from Toronto to Charlottetown. It left Toronto at 9:20 am March 11 and arrived in PEI at 12:28 @USER	False	9	9387	0	0	0	INFORMATIVE
